<?xml version="1.0" encoding="UTF-8"?>
<!DOCTYPE mapper
        PUBLIC "-//mybatis.org//DTD Mapper 3.0//EN"
        "https://mybatis.org/dtd/mybatis-3-mapper.dtd">
<mapper namespace="top.linjhs.usagictfplatformbackend.mapper.ProblemManageMapper">
    <insert id="addProblem" parameterType="top.linjhs.usagictfplatformbackend.pojo.Problem">
        <selectKey keyProperty="problemId" order="AFTER" resultType="java.lang.Integer">
            SELECT LAST_INSERT_ID()
        </selectKey>
        INSERT INTO usagi_games_${gameId}
        (
        problem_name,
        problem_type,
        problem_intro,
        problem_envi,
        problem_atta,
        ori_pts,
        solved,
        flag,
        is_open
        )
        values
        (
        #{problemName},
        #{problemType},
        #{problemIntro},
        #{problemEnvi},
        #{problemAtta},
        #{oriPts},
        "",
        #{flag},
        0
        )
    </insert>
    <update id="updateProblem" parameterType="top.linjhs.usagictfplatformbackend.pojo.Problem">
        UPDATE usagi_games_${gameId}
        <set>
            <if test="problemIntro!=null">
                problem_intro=#{problemIntro},
            </if>
            <if test="problemIntro!=null">
                problem_envi=#{problemEnvi},
            </if>
            <if test="problemAtta!=null">
                problem_atta=#{problemAtta},
            </if>
            <if test="oriPts!=null">
                ori_pts=#{oriPts},
            </if>
            <if test="flag!=null">
                flag=#{flag},
            </if>
            <if test="isOpen!=null">
                is_open=#{isOpen},
            </if>
        </set>
        WHERE id = #{problemId}
    </update>
</mapper>