<?xml version="1.0" encoding="UTF-8"?>
<!DOCTYPE mapper
        PUBLIC "-//mybatis.org//DTD Mapper 3.0//EN"
        "https://mybatis.org/dtd/mybatis-3-mapper.dtd">
<mapper namespace="top.linjhs.usagictfplatformbackend.mapper.TeamMapper">
    <insert id="createTeam" parameterType="top.linjhs.usagictfplatformbackend.pojo.Team">
        <selectKey keyProperty="id" order="AFTER" resultType="java.lang.Integer">
            SELECT LAST_INSERT_ID()
        </selectKey>
        INSERT INTO usagi_teams
        (team_name,team_intro,members)
        VALUES
        (#{teamName},#{teamIntro},#{members})
    </insert>
    <update id="updateTeam" parameterType="top.linjhs.usagictfplatformbackend.pojo.Team">
        UPDATE usagi_teams
        <set>
            <if test="teamName!=null">
                team_name=#{teamName},
            </if>
            <if test="teamIntro!=null">
                team_intro=#{teamIntro},
            </if>
            <if test="members!=null">
                members=#{members},
            </if>
            <if test="games!=null">
                games=#{games},
            </if>
        </set>
        where id=#{id}
    </update>
</mapper>
